model,pretrained,modality,run_name,seed,class_id,class_name,is_thin_class,iou,recall,precision,fpr,gt_pixels,pred_pixels,tp_pixels,fp_pixels,fn_pixels
unet,0,rgb,run_01_seed_42,42,0,Background,0,0.9137418330521088,0.9280117119604121,0.9834500896157382,0.018114025785214528,70387533,66419695,65320455,1099240,5067078
unet,0,rgb,run_01_seed_42,42,80,Other,0,0.49388357750536466,0.8641352453754901,0.5354630715123095,0.002548075,443993,716520,383670,332850,60323
unet,0,rgb,run_01_seed_42,42,100,Animals,0,0.027221366204417053,0.048784978,0.058012259194395795,3.283064526416836e-05,5432,4568,265,4303,5167
unet,0,rgb,run_01_seed_42,42,140,Vehicles,0,0.6578169030810478,0.9496035931742597,0.6816126814085628,0.001684335,495829,690775,470841,219934,24988
unet,0,rgb,run_01_seed_42,42,160,Buildings,0,0.8869250579868494,0.9483943230582508,0.9318993643721891,0.011007928095346361,17964884,18282869,17037794,1245075,927090
unet,0,rgb,run_01_seed_42,42,180,Trees,0,0.8730629508676693,0.9338077144358349,0.9306580622775695,0.029937385772809532,39431166,39564614,36821127,2743487,2610039
unet,0,rgb,run_01_seed_42,42,200,Large Mesh,0,0.20397981529086928,0.6122192375835858,0.2342444784605292,0.000267202,17497,45730,10712,35018,6785
unet,0,rgb,run_01_seed_42,42,220,Small Mesh,0,0.44671747640209825,0.9359292217972107,0.460809433,0.014110928704741349,1667406,3386593,1560574,1826019,106832
unet,0,rgb,run_01_seed_42,42,240,Thin Structures,1,0.3021459626108795,0.8046809775822085,0.32605894366339716,0.00535209,420425,1037567,338308,699259,82117
unet,0,rgb,run_01_seed_42,42,255,Ultra-thin,1,0.1148431407949172,0.5028191813652322,0.129554779,0.006141217,237835,923069,119588,803481,118247
unet,0,rgbd,run_01_seed_42,42,0,Background,0,0.9263955753479155,0.937926294,0.9869031830486554,0.014437038723599567,70387533,66894422,66018318,876104,4369215
unet,0,rgbd,run_01_seed_42,42,80,Other,0,0.5462347241806605,0.9213501113756298,0.5729506313937723,0.002334132,443993,713976,409073,304903,34920
unet,0,rgbd,run_01_seed_42,42,100,Animals,0,0.065998664,0.090942563,0.19395367098547311,1.566379612533991e-05,5432,2547,494,2053,4938
unet,0,rgbd,run_01_seed_42,42,140,Vehicles,0,0.6988574784866244,0.9766814768801341,0.7107160625731054,0.001509556,495829,681379,484267,197112,11562
unet,0,rgbd,run_01_seed_42,42,160,Buildings,0,0.910759255,0.9581272553722028,0.9485125547287823,0.008260683,17964884,18146987,17212645,934342,752239
unet,0,rgbd,run_01_seed_42,42,180,Trees,0,0.8834570306190564,0.9370024208769276,0.9392459446364705,0.026078778375150973,39431166,39336979,36947098,2389881,2484068
unet,0,rgbd,run_01_seed_42,42,200,Large Mesh,0,0.23845298261361642,0.6984054409327314,0.26582553839460515,0.000257526,17497,45970,12220,33750,5277
unet,0,rgbd,run_01_seed_42,42,220,Small Mesh,0,0.49831751127797347,0.961591838,0.5084374156694454,0.011979087852166979,1667406,3153513,1603364,1550149,64042
unet,0,rgbd,run_01_seed_42,42,240,Thin Structures,1,0.35227479595861527,0.8837248022834037,0.3693963927329706,0.004854614,420425,1005803,371540,634263,48885
unet,0,rgbd,run_01_seed_42,42,255,Ultra-thin,1,0.17390462824174893,0.8273424853364728,0.18045365839343228,0.006830425,237835,1090424,196771,893653,41064
unet,0,rgbe,run_01_seed_42,42,0,Background,0,0.9142675879006216,0.9299606792583567,0.9818770987517801,0.019909180383836936,70387533,66665816,65457638,1208178,4929895
unet,0,rgbe,run_01_seed_42,42,80,Other,0,0.4922537894389983,0.8613424085514861,0.534618143,0.002548481,443993,715333,382430,332903,61563
unet,0,rgbe,run_01_seed_42,42,100,Animals,0,0.046672689,0.085603829,0.09307446,3.457021931023631e-05,5432,4996,465,4531,4967
unet,0,rgbe,run_01_seed_42,42,140,Vehicles,0,0.6626697293959701,0.9437265670220983,0.6899319102004948,0.001610516,495829,678222,467927,210295,27902
unet,0,rgbe,run_01_seed_42,42,160,Buildings,0,0.8813162146527453,0.9461571252004745,0.9278506910460154,0.011685621972714786,17964884,18319330,16997603,1321727,967281
unet,0,rgbe,run_01_seed_42,42,180,Trees,0,0.8702042663836279,0.930168461,0.9310281314846034,0.029649774,39431166,39394757,36677627,2717130,2753539
unet,0,rgbe,run_01_seed_42,42,200,Large Mesh,0,0.18291669703374389,0.7172086643424587,0.1971346434799001,0.000389975,17497,63657,12549,51108,4948
unet,0,rgbe,run_01_seed_42,42,220,Small Mesh,0,0.45411992768808657,0.9311895243270085,0.4698881048027111,0.013536389596802104,1667406,3304342,1552671,1751671,114735
unet,0,rgbe,run_01_seed_42,42,240,Thin Structures,1,0.29589292942621914,0.7893607658916573,0.32125902693074676,0.005366587,420425,1033020,331867,701153,88558
unet,0,rgbe,run_01_seed_42,42,255,Ultra-thin,1,0.11158947691387842,0.47711228372611264,0.12713789050639365,0.005954507,237835,892527,113474,779053,124361
unet,0,rgbde,run_01_seed_42,42,0,Background,0,0.9256188681793754,0.9369933593211741,0.9870549245924839,0.014253384,70387533,66817610,65952651,864959,4434882
unet,0,rgbde,run_01_seed_42,42,80,Other,0,0.5293151760695354,0.9351453739135527,0.5494864420978519,0.002605973,443993,755611,415198,340413,28795
unet,0,rgbde,run_01_seed_42,42,100,Animals,0,0.087143069,0.10843151693667158,0.30741127348643005,1.0124626136544599e-05,5432,1916,589,1327,4843
unet,0,rgbde,run_01_seed_42,42,140,Vehicles,0,0.7092534112774114,0.9738861583328123,0.7230034646838813,0.001416805,495829,667882,482881,185001,12948
unet,0,rgbde,run_01_seed_42,42,160,Buildings,0,0.9112106902857016,0.9565803486401582,0.9505246763487332,0.007908265,17964884,18079336,17184855,894481,780029
unet,0,rgbde,run_01_seed_42,42,180,Trees,0,0.8825003497614928,0.9379143391296113,0.937252292,0.027018119455351094,39431166,39459019,36983056,2475963,2448110
unet,0,rgbde,run_01_seed_42,42,200,Large Mesh,0,0.23567604510764323,0.7094930559524489,0.26084763925952387,0.000268415,17497,47591,12414,35177,5083
unet,0,rgbde,run_01_seed_42,42,220,Small Mesh,0,0.5000270134801951,0.9602574298041389,0.5105936594938897,0.011859694872965638,1667406,3135838,1601139,1534699,66267
unet,0,rgbde,run_01_seed_42,42,240,Thin Structures,1,0.32835500358955166,0.8909817446631385,0.34209942309290514,0.005513795,420425,1094977,374591,720386,45834
unet,0,rgbde,run_01_seed_42,42,255,Ultra-thin,1,0.1805512270581769,0.8038387958038136,0.18887297227875363,0.006275417,237835,1012220,191181,821039,46654
unet_pretrained,1,rgb,run_01_seed_42,42,0,Background,0,0.9007503807238892,0.9144149575465302,0.9836806617368375,0.017595837168677776,70387533,65431207,64363413,1067794,6024120
unet_pretrained,1,rgb,run_01_seed_42,42,80,Other,0,0.37813438135431227,0.8598851783699293,0.4029631459122962,0.004330281,443993,947439,381783,565656,62210
unet_pretrained,1,rgb,run_01_seed_42,42,100,Animals,0,0.007800859,0.016384389,0.014671941971645236,4.560278102345672e-05,5432,6066,89,5977,5343
unet_pretrained,1,rgb,run_01_seed_42,42,140,Vehicles,0,0.5658133050387406,0.9249216967946611,0.5930512845049878,0.002410019,495829,773294,458603,314691,37226
unet_pretrained,1,rgb,run_01_seed_42,42,160,Buildings,0,0.871520887,0.9343245968078614,0.9283951290574548,0.011445690119090296,17964884,18079622,16785033,1294589,1179851
unet_pretrained,1,rgb,run_01_seed_42,42,180,Trees,0,0.8642849074069687,0.9300117323439028,0.9244103883393874,0.032721734068897716,39431166,39670094,36671447,2998647,2759719
unet_pretrained,1,rgb,run_01_seed_42,42,200,Large Mesh,0,0.12036463204390008,0.6105046579413613,0.13037640970560954,0.000543667,17497,81932,10682,71250,6815
unet_pretrained,1,rgb,run_01_seed_42,42,220,Small Mesh,0,0.38844998050896146,0.9257211500978166,0.4009470181060261,0.017821739775328225,1667406,3849768,1543553,2306215,123853
unet_pretrained,1,rgb,run_01_seed_42,42,240,Thin Structures,1,0.2381425805742105,0.7674424689302491,0.25666456658839104,0.007152183,420425,1257096,322652,934444,97773
unet_pretrained,1,rgb,run_01_seed_42,42,255,Ultra-thin,1,0.087565109,0.41074694641242876,0.10014536403542044,0.006709196,237835,975482,97690,877792,140145
unet_pretrained,1,rgbd,run_01_seed_42,42,0,Background,0,0.911798674,0.9227051472311155,0.9872023963199008,0.013874061,70387533,65788879,64946939,841940,5440594
unet_pretrained,1,rgbd,run_01_seed_42,42,80,Other,0,0.4245188368655353,0.8939149941553133,0.44704056335680276,0.003758222,443993,887821,396892,490929,47101
unet_pretrained,1,rgbd,run_01_seed_42,42,100,Animals,0,0.021333333333333333,0.027982326951399118,0.082384824,1.291710026312736e-05,5432,1845,152,1693,5280
unet_pretrained,1,rgbd,run_01_seed_42,42,140,Vehicles,0,0.5863837733037992,0.9588930861244501,0.6015042445251318,0.002412255,495829,790430,475447,314983,20382
unet_pretrained,1,rgbd,run_01_seed_42,42,160,Buildings,0,0.8923040101279324,0.9463132631415823,0.9398834041804126,0.009613683,17964884,18087784,17000408,1087376,964476
unet_pretrained,1,rgbd,run_01_seed_42,42,180,Trees,0,0.8700825888341964,0.9286467714396273,0.9324179037071185,0.028961576233581636,39431166,39271688,36617625,2654063,2813541
unet_pretrained,1,rgbd,run_01_seed_42,42,200,Large Mesh,0,0.15512473791364065,0.5835286049036977,0.17443747757598538,0.000368709,17497,58531,10210,48321,7287
unet_pretrained,1,rgbd,run_01_seed_42,42,220,Small Mesh,0,0.4231516611832996,0.9485392279984599,0.4330942497537557,0.015998357832643872,1667406,3651861,1581600,2070261,85806
unet_pretrained,1,rgbd,run_01_seed_42,42,240,Thin Structures,1,0.28072264458256796,0.8338395671047155,0.29735678709082025,0.006340352,420425,1178944,350567,828377,69858
unet_pretrained,1,rgbd,run_01_seed_42,42,255,Ultra-thin,1,0.12471494493880676,0.7422624929047449,0.1303602007654608,0.009001326,237835,1354217,176536,1177681,61299
unet_pretrained,1,rgbe,run_01_seed_42,42,0,Background,0,0.9022311679265482,0.9160512984593451,0.9835535363793407,0.017766935,70387533,65556768,64478591,1078177,5908942
unet_pretrained,1,rgbe,run_01_seed_42,42,80,Other,0,0.37197127729812335,0.8590585887615345,0.39614712706711785,0.004450791,443993,962814,381416,581398,62577
unet_pretrained,1,rgbe,run_01_seed_42,42,100,Animals,0,0.004482697,0.004602356,0.14705882352941177,1.1063080556133889e-06,5432,170,25,145,5407
unet_pretrained,1,rgbe,run_01_seed_42,42,140,Vehicles,0,0.5615251552463048,0.9322810888431294,0.5854025487854454,0.002507188,495829,789631,462252,327379,33577
unet_pretrained,1,rgbe,run_01_seed_42,42,160,Buildings,0,0.8696123505937744,0.9403385515876418,0.9203942755243086,0.012917816771139316,17964884,18354170,16893073,1461097,1071811
unet_pretrained,1,rgbe,run_01_seed_42,42,180,Trees,0,0.857415839,0.9207414003430687,0.9257425395442574,0.031778847,39431166,39218147,36305907,2912240,3125259
unet_pretrained,1,rgbe,run_01_seed_42,42,200,Large Mesh,0,0.13863311798707922,0.58255701,0.15392398181845637,0.000427517,17497,66221,10193,56028,7304
unet_pretrained,1,rgbe,run_01_seed_42,42,220,Small Mesh,0,0.40073587568106084,0.9176727203812389,0.4156801008412036,0.016621527,1667406,3681035,1530133,2150902,137273
unet_pretrained,1,rgbe,run_01_seed_42,42,240,Thin Structures,1,0.2490066693097912,0.7544056609383362,0.27097260893078207,0.006531265,420425,1170491,317171,853320,103254
unet_pretrained,1,rgbe,run_01_seed_42,42,255,Ultra-thin,1,0.073110496,0.4326612987995879,0.080862644,0.008939951,237835,1272553,102902,1169651,134933
unet_pretrained,1,rgbde,run_01_seed_42,42,0,Background,0,0.9121665205699994,0.9219489195622185,0.9885014861938122,0.012439113949867929,70387533,65648571,64893710,754861,5493823
unet_pretrained,1,rgbde,run_01_seed_42,42,80,Other,0,0.4395129997749102,0.8839666391136797,0.46642201224302077,0.003437119,443993,841459,392475,448984,51518
unet_pretrained,1,rgbde,run_01_seed_42,42,100,Animals,0,0.010794279,0.022091310751104567,0.020671835,4.3374905490773204e-05,5432,5805,120,5685,5312
unet_pretrained,1,rgbde,run_01_seed_42,42,140,Vehicles,0,0.6181787209508023,0.9514570547507306,0.6383105391055859,0.002047204,495829,739076,471760,267316,24069
unet_pretrained,1,rgbde,run_01_seed_42,42,160,Buildings,0,0.8922715401192336,0.9465164372895478,0.9396470577443309,0.00965598,17964884,18096218,17004058,1092160,960826
unet_pretrained,1,rgbde,run_01_seed_42,42,180,Trees,0,0.8729062270942771,0.935080439,0.9292197405016243,0.030647375,39431166,39679863,36871312,2808551,2559854
unet_pretrained,1,rgbde,run_01_seed_42,42,200,Large Mesh,0,0.19341874900525227,0.5556381093901812,0.22881216314810893,0.000250026,17497,42489,9722,32767,7775
unet_pretrained,1,rgbde,run_01_seed_42,42,220,Small Mesh,0,0.4167001513648608,0.9503378301385506,0.42597606134532284,0.016501161,1667406,3719925,1584599,2135326,82807
unet_pretrained,1,rgbde,run_01_seed_42,42,240,Thin Structures,1,0.26937141872122855,0.8325836950704644,0.28479757216780033,0.006728132,420425,1229080,350039,879041,70386
unet_pretrained,1,rgbde,run_01_seed_42,42,255,Ultra-thin,1,0.14411672301126047,0.6924043980070217,0.15397460902802582,0.0069159,237835,1069514,164678,904836,73157
deeplabv3,0,rgb,run_01_seed_42,42,0,Background,0,0.8777489832846176,0.8980959028639347,0.9748384004205384,0.026887259304757508,70387533,64846394,63214755,1631639,7172778
deeplabv3,0,rgb,run_01_seed_42,42,80,Other,0,0.36214786794649734,0.8448308869734433,0.3879526471038446,0.004530185,443993,966868,375099,591769,68894
deeplabv3,0,rgb,run_01_seed_42,42,100,Animals,0,0.001198681,0.001472754,0.0064,9.476100724633302e-06,5432,1250,8,1242,5424
deeplabv3,0,rgb,run_01_seed_42,42,140,Vehicles,0,0.5145033082672809,0.9190164351016177,0.5389376302474495,0.002985468,495829,845506,455675,389831,40154
deeplabv3,0,rgb,run_01_seed_42,42,160,Buildings,0,0.8488728977470137,0.9309162252314014,0.9059430491801698,0.015350944,17964884,18460103,16723802,1736301,1241082
deeplabv3,0,rgb,run_01_seed_42,42,180,Trees,0,0.8286194477164468,0.9017679061278584,0.9108348919384881,0.037983995,39431166,39038645,35557760,3480885,3873406
deeplabv3,0,rgb,run_01_seed_42,42,200,Large Mesh,0,0.13368384658488025,0.640852718,0.14451045841764076,0.000506507,17497,77593,11213,66380,6284
deeplabv3,0,rgb,run_01_seed_42,42,220,Small Mesh,0,0.3658374004126077,0.9117425510043745,0.3792685786705785,0.019227408572527187,1667406,4008360,1520245,2488115,147161
deeplabv3,0,rgb,run_01_seed_42,42,240,Thin Structures,1,0.18033573170027772,0.7208063269310816,0.19387819731566552,0.009644155,420425,1563069,303045,1260024,117380
deeplabv3,0,rgb,run_01_seed_42,42,255,Ultra-thin,1,0.067119124,0.3972291714844325,0.074730346,0.008940608,237835,1264212,94475,1169737,143360
deeplabv3,0,rgbd,run_01_seed_42,42,0,Background,0,0.8876695389195935,0.9047780236878028,0.9791424136384123,0.022355193463263014,70387533,65041706,63685093,1356613,6702440
deeplabv3,0,rgbd,run_01_seed_42,42,80,Other,0,0.36831159672460123,0.89868534,0.38426720443465984,0.004894479,443993,1038366,399010,639356,44983
deeplabv3,0,rgbd,run_01_seed_42,42,100,Animals,0,0.010641949879848954,0.017120766,0.027352941176470587,2.5231453378713634e-05,5432,3400,93,3307,5339
deeplabv3,0,rgbd,run_01_seed_42,42,140,Vehicles,0,0.5719668076084176,0.9466892819903636,0.5910024337823597,0.002487751,495829,794237,469396,324841,26433
deeplabv3,0,rgbd,run_01_seed_42,42,160,Buildings,0,0.8708124529183595,0.9370860952956891,0.9248853551860331,0.012087895513134647,17964884,18201870,16834643,1367227,1130241
deeplabv3,0,rgbd,run_01_seed_42,42,180,Trees,0,0.8342430651080108,0.9023074793172488,0.9170763442923661,0.035105736815970054,39431166,38796155,35579036,3217119,3852130
deeplabv3,0,rgbd,run_01_seed_42,42,200,Large Mesh,0,0.14926577833161048,0.6024461336229068,0.16557498075805413,0.000405343,17497,63663,10541,53122,6956
deeplabv3,0,rgbd,run_01_seed_42,42,220,Small Mesh,0,0.3790667574074594,0.9393465058899872,0.3885777003072853,0.019044996192329928,1667406,4030782,1566272,2464510,101134
deeplabv3,0,rgbd,run_01_seed_42,42,240,Thin Structures,1,0.1946412718245487,0.7884854611405125,0.2053640126824276,0.009817739,420425,1614202,331499,1282703,88926
deeplabv3,0,rgbd,run_01_seed_42,42,255,Ultra-thin,1,0.1040792833883308,0.6838985010616604,0.10933915202750166,0.010127049001306348,237835,1487619,162655,1324964,75180
deeplabv3,0,rgbe,run_01_seed_42,42,0,Background,0,0.8786908145672396,0.8978747841609962,0.9762615263862076,0.025323317085408362,70387533,64735923,63199191,1536732,7188342
deeplabv3,0,rgbe,run_01_seed_42,42,80,Other,0,0.3674989768318712,0.827172951,0.3980639769871008,0.004251416,443993,922613,367259,555354,76734
deeplabv3,0,rgbe,run_01_seed_42,42,100,Animals,0,0.001678858,0.00257732,0.004792879,2.217956908736635e-05,5432,2921,14,2907,5418
deeplabv3,0,rgbe,run_01_seed_42,42,140,Vehicles,0,0.5131783467726097,0.9222231858160778,0.5363931864757103,0.003026708,495829,852481,457265,395216,38564
deeplabv3,0,rgbe,run_01_seed_42,42,160,Buildings,0,0.8449490409601449,0.9325584289884644,0.8999405941476936,0.016468521750656252,17964884,18616011,16753304,1862707,1211580
deeplabv3,0,rgbe,run_01_seed_42,42,180,Trees,0,0.827603834,0.9029768990346367,0.908381088,0.039187203381409644,39431166,39196580,35605432,3591148,3825734
deeplabv3,0,rgbe,run_01_seed_42,42,200,Large Mesh,0,0.14665773773286253,0.5507229810824713,0.1665888698718946,0.000367839,17497,57843,9636,48207,7861
deeplabv3,0,rgbe,run_01_seed_42,42,220,Small Mesh,0,0.3539376480152699,0.9128034803761051,0.36632313157666724,0.020345691900242737,1667406,4154840,1522014,2632826,145392
deeplabv3,0,rgbe,run_01_seed_42,42,240,Thin Structures,1,0.18273526875398707,0.7126764583457216,0.1972683819656589,0.009332096,420425,1518880,299627,1219253,120798
deeplabv3,0,rgbe,run_01_seed_42,42,255,Ultra-thin,1,0.074430765,0.36459730485420566,0.085524525,0.007086788,237835,1013908,86714,927194,151121
deeplabv3,0,rgbde,run_01_seed_42,42,0,Background,0,0.8883462812285489,0.9057823066479684,0.978790467,0.022765826,70387533,65137314,63755782,1381532,6631751
deeplabv3,0,rgbde,run_01_seed_42,42,80,Other,0,0.39837918727732113,0.8831963566993173,0.4205355505484948,0.004136387,443993,932461,392133,540328,51860
deeplabv3,0,rgbde,run_01_seed_42,42,100,Animals,0,0.006319115,0.009572901,0.018252018252018252,2.134030090724585e-05,5432,2849,52,2797,5380
deeplabv3,0,rgbde,run_01_seed_42,42,140,Vehicles,0,0.5662781417732673,0.9487847624886806,0.5841337050120754,0.00256494,495829,805355,470435,334920,25394
deeplabv3,0,rgbde,run_01_seed_42,42,160,Buildings,0,0.8706136823438838,0.9330781094940552,0.9285969862910038,0.011395719788311108,17964884,18051577,16762640,1288937,1202244
deeplabv3,0,rgbde,run_01_seed_42,42,180,Trees,0,0.8350849267162783,0.9036659478951243,0.9166916275171709,0.035336529128488725,39431166,38870871,35632602,3238269,3798564
deeplabv3,0,rgbde,run_01_seed_42,42,200,Large Mesh,0,0.15905951506245408,0.6186203349145568,0.17635270541082165,0.00038574,17497,61377,10824,50553,6673
deeplabv3,0,rgbde,run_01_seed_42,42,220,Small Mesh,0,0.387706694,0.934978044,0.3984499436696321,0.018188256902224042,1667406,3912632,1558988,2353644,108418
deeplabv3,0,rgbde,run_01_seed_42,42,240,Thin Structures,1,0.18985064322711007,0.7953713504192187,0.19959983812067172,0.010263389476935123,420425,1675322,334394,1340928,86031
deeplabv3,0,rgbde,run_01_seed_42,42,255,Ultra-thin,1,0.098934904,0.704097378,0.1032268921652873,0.011119289827699058,237835,1622242,167459,1454783,70376
deeplabv3_pretrained,1,rgb,run_01_seed_42,42,0,Background,0,0.881759622,0.9013043545651757,0.9759974850760234,0.025709742165157354,70387533,65000772,63440590,1560182,6946943
deeplabv3_pretrained,1,rgb,run_01_seed_42,42,80,Other,0,0.3899616676900431,0.8425087782915497,0.4206234440323934,0.003944407,443993,889318,374068,515250,69925
deeplabv3_pretrained,1,rgb,run_01_seed_42,42,100,Animals,0,0.011409080216419665,0.017857142857142856,0.030628354910009474,2.342321193609037e-05,5432,3167,97,3070,5335
deeplabv3_pretrained,1,rgb,run_01_seed_42,42,140,Vehicles,0,0.5696221584759953,0.9235220206966515,0.5978220851687159,0.002359182,495829,765962,457909,308053,37920
deeplabv3_pretrained,1,rgb,run_01_seed_42,42,160,Buildings,0,0.8473934465409731,0.928589074,0.9064648317404717,0.015218856787047775,17964884,18403356,16681995,1721361,1282889
deeplabv3_pretrained,1,rgb,run_01_seed_42,42,180,Trees,0,0.8284302454997313,0.9008990248982239,0.9114940029499528,0.037639651,39431166,38972828,35523499,3449329,3907667
deeplabv3_pretrained,1,rgb,run_01_seed_42,42,200,Large Mesh,0,0.15480072847401635,0.6266788592330114,0.17052611934495576,0.000406976,17497,64301,10965,53336,6532
deeplabv3_pretrained,1,rgb,run_01_seed_42,42,220,Small Mesh,0,0.35433513391402804,0.9256407857474425,0.36471668285351727,0.020775236155835396,1667406,4231830,1543419,2688411,123987
deeplabv3_pretrained,1,rgb,run_01_seed_42,42,240,Thin Structures,1,0.18723202273327383,0.7083665338645418,0.2028698714586413,0.008956608,420425,1468010,297815,1170195,122610
deeplabv3_pretrained,1,rgb,run_01_seed_42,42,255,Ultra-thin,1,0.075909681,0.4480290958017113,0.083741206,0.008911273,237835,1272456,106557,1165899,131278
deeplabv3_pretrained,1,rgbd,run_01_seed_42,42,0,Background,0,0.8892841140223712,0.9061793229775505,0.9794648564650332,0.022036429849503332,70387533,65120996,63783727,1337269,6603806
deeplabv3_pretrained,1,rgbd,run_01_seed_42,42,80,Other,0,0.38290872482574917,0.8952055550425344,0.4008776716184882,0.004547432,443993,991487,397465,594022,46528
deeplabv3_pretrained,1,rgbd,run_01_seed_42,42,100,Animals,0,0.006136606,0.008468336,0.021800947867298578,1.5747722943351962e-05,5432,2110,46,2064,5386
deeplabv3_pretrained,1,rgbd,run_01_seed_42,42,140,Vehicles,0,0.5798267502635576,0.9461931432005792,0.5995971586392346,0.002399305,495829,782442,469150,313292,26679
deeplabv3_pretrained,1,rgbd,run_01_seed_42,42,160,Buildings,0,0.870861398,0.9406054611875033,0.9215372373376124,0.012720163424554119,17964884,18336609,16897868,1438741,1067016
deeplabv3_pretrained,1,rgbd,run_01_seed_42,42,180,Trees,0,0.8341959423495208,0.9014440252667142,0.9179129640571823,0.034686655,39431166,38723703,35544989,3178714,3886177
deeplabv3_pretrained,1,rgbd,run_01_seed_42,42,200,Large Mesh,0,0.14916018126292976,0.6922901068754643,0.15975152985861996,0.000486141,17497,75824,12113,63711,5384
deeplabv3_pretrained,1,rgbd,run_01_seed_42,42,220,Small Mesh,0,0.39462258113590903,0.941187089,0.40459967773122785,0.017846422052064086,1667406,3878750,1569341,2309409,98065
deeplabv3_pretrained,1,rgbd,run_01_seed_42,42,240,Thin Structures,1,0.1954127592575913,0.7947053576737825,0.20580175241380372,0.009868698,420425,1623475,334114,1289361,86311
deeplabv3_pretrained,1,rgbd,run_01_seed_42,42,255,Ultra-thin,1,0.10529813865007594,0.7107658670927324,0.11001207858368194,0.010452613810773356,237835,1536604,169045,1367559,68790
deeplabv3_pretrained,1,rgbe,run_01_seed_42,42,0,Background,0,0.8803413810274271,0.8981054642162271,0.9780257217398817,0.023405066736435207,70387533,64635752,63215428,1420324,7172105
deeplabv3_pretrained,1,rgbe,run_01_seed_42,42,80,Other,0,0.37652345604958637,0.8482723826726998,0.40371247356387385,0.00425852,443993,932909,376627,556282,67366
deeplabv3_pretrained,1,rgbe,run_01_seed_42,42,100,Animals,0,0.002088617,0.00257732,0.010894941634241245,9.69736233575598e-06,5432,1285,14,1271,5418
deeplabv3_pretrained,1,rgbe,run_01_seed_42,42,140,Vehicles,0,0.550059028,0.931250492,0.5733413132907267,0.002631491,495829,805351,461741,343610,34088
deeplabv3_pretrained,1,rgbe,run_01_seed_42,42,160,Buildings,0,0.8522759741115083,0.9328120905205957,0.9080164844450631,0.015008763904828058,17964884,18455459,16757861,1697598,1207023
deeplabv3_pretrained,1,rgbe,run_01_seed_42,42,180,Trees,0,0.8288531516367404,0.9058893160805845,0.9069482728073537,0.039991495,39431166,39385126,35720272,3664854,3710894
deeplabv3_pretrained,1,rgbe,run_01_seed_42,42,200,Large Mesh,0,0.14429827295966083,0.6613705206606847,0.15580988285983574,0.000478412,17497,74270,11572,62698,5925
deeplabv3_pretrained,1,rgbe,run_01_seed_42,42,220,Small Mesh,0,0.3775808998012994,0.9152485957229373,0.3912608410734778,0.018348289860559357,1667406,3900444,1526091,2374353,141315
deeplabv3_pretrained,1,rgbe,run_01_seed_42,42,240,Thin Structures,1,0.18538029135405568,0.7274614972944045,0.19921614453059863,0.009409676,420425,1535232,305843,1229389,114582
deeplabv3_pretrained,1,rgbe,run_01_seed_42,42,255,Ultra-thin,1,0.076634418,0.4740639518994261,0.083755271,0.009427377,237835,1346172,112749,1233423,125086
deeplabv3_pretrained,1,rgbde,run_01_seed_42,42,0,Background,0,0.8901274660433266,0.9072414144703722,0.9792476310723227,0.022300583,70387533,65211784,63858485,1353299,6529048
deeplabv3_pretrained,1,rgbde,run_01_seed_42,42,80,Other,0,0.39987118146859146,0.8976988375942864,0.41896292558838677,0.004231543,443993,951330,398572,552758,45421
deeplabv3_pretrained,1,rgbde,run_01_seed_42,42,100,Animals,0,0.003983229,0.006995582,0.009165461,3.134285167213656e-05,5432,4146,38,4108,5394
deeplabv3_pretrained,1,rgbde,run_01_seed_42,42,140,Vehicles,0,0.5809695515786928,0.9495027519568239,0.5994924336190782,0.002408747,495829,785316,470791,314525,25038
deeplabv3_pretrained,1,rgbde,run_01_seed_42,42,160,Buildings,0,0.871337566,0.9306411886656212,0.9318510726966369,0.010810089084050203,17964884,17941559,16718861,1222698,1246023
deeplabv3_pretrained,1,rgbde,run_01_seed_42,42,180,Trees,0,0.8358808752613982,0.9050167575567002,0.916262072,0.035588502,39431166,38947226,35685866,3261360,3745300
deeplabv3_pretrained,1,rgbde,run_01_seed_42,42,200,Large Mesh,0,0.1480180382190996,0.6790878436303366,0.15915026989378372,0.000479014,17497,74659,11882,62777,5615
deeplabv3_pretrained,1,rgbde,run_01_seed_42,42,220,Small Mesh,0,0.3934242731515189,0.9407744724440238,0.4034159323078284,0.017926511944390475,1667406,3888426,1568653,2319773,98753
deeplabv3_pretrained,1,rgbde,run_01_seed_42,42,240,Thin Structures,1,0.20151938744859582,0.799467206,0.21224804243495832,0.009548174,420425,1583600,336116,1247484,84309
deeplabv3_pretrained,1,rgbde,run_01_seed_42,42,255,Ultra-thin,1,0.10048433498710425,0.737809826,0.10420534052592885,0.011529687218930927,237835,1683954,175477,1508477,62358
deeplabv3plus,0,rgb,run_01_seed_42,42,0,Background,0,0.8762002830112819,0.892929249,0.9790656028034596,0.022145419848542132,70387533,64194970,62851087,1343883,7536446
deeplabv3plus,0,rgb,run_01_seed_42,42,80,Other,0,0.33763312667420736,0.8215579975359972,0.36435245995794774,0.004871612,443993,1001135,364766,636369,79227
deeplabv3plus,0,rgb,run_01_seed_42,42,100,Animals,0,0.006614786,0.009388807,0.021897810218978103,1.7380481039222757e-05,5432,2329,51,2278,5381
deeplabv3plus,0,rgb,run_01_seed_42,42,140,Vehicles,0,0.4662814236664548,0.9263072551222297,0.4842445757206102,0.003746296,495829,948467,459290,489177,36539
deeplabv3plus,0,rgb,run_01_seed_42,42,160,Buildings,0,0.8435956158072301,0.9220335628106477,0.9083948601039452,0.014768160121773417,17964884,18234610,16564226,1670384,1400658
deeplabv3plus,0,rgb,run_01_seed_42,42,180,Trees,0,0.8355963171763814,0.9142774525105344,0.9066263319546132,0.040515825,39431166,39763930,36051026,3712904,3380140
deeplabv3plus,0,rgb,run_01_seed_42,42,200,Large Mesh,0,0.11997995017923324,0.4514488197976796,0.14045663074789289,0.000368847,17497,56238,7899,48339,9598
deeplabv3plus,0,rgb,run_01_seed_42,42,220,Small Mesh,0,0.3385387226490082,0.9012100232336935,0.3515862152872829,0.021415986,1667406,4274010,1502683,2771327,164723
deeplabv3plus,0,rgb,run_01_seed_42,42,240,Thin Structures,1,0.18713603115432406,0.6949348873164061,0.20388512794460303,0.008731889,420425,1433003,292168,1140835,128257
deeplabv3plus,0,rgb,run_01_seed_42,42,255,Ultra-thin,1,0.068239917,0.3763365358336662,0.076940931,0.008207352,237835,1163308,89506,1073802,148329
deeplabv3plus,0,rgbd,run_01_seed_42,42,0,Background,0,0.8955895676713165,0.909320433,0.9834190070032442,0.017783084425871287,70387533,65083979,64004822,1079157,6382711
deeplabv3plus,0,rgbd,run_01_seed_42,42,80,Other,0,0.36980166833830386,0.8752660514918028,0.39037454105285363,0.004645811,443993,995485,388612,606873,55381
deeplabv3plus,0,rgbd,run_01_seed_42,42,100,Animals,0,0.011395256,0.015832106038291605,0.039073149,1.6136838190498738e-05,5432,2201,86,2115,5346
deeplabv3plus,0,rgbd,run_01_seed_42,42,140,Vehicles,0,0.5598682176074598,0.9493716583741573,0.5770985328751455,0.002641761,495829,815677,470726,344951,25103
deeplabv3plus,0,rgbd,run_01_seed_42,42,160,Buildings,0,0.8756654745714334,0.9435057860657492,0.9241190173485504,0.012305070177901096,17964884,18341763,16949972,1391791,1014912
deeplabv3plus,0,rgbd,run_01_seed_42,42,180,Trees,0,0.848289973,0.9125197819410159,0.9233819024920907,0.032579385,39431166,38967321,35981719,2985602,3449447
deeplabv3plus,0,rgbd,run_01_seed_42,42,200,Large Mesh,0,0.13594258403001572,0.4990569811967766,0.15742410038220236,0.000356615,17497,55468,8732,46736,8765
deeplabv3plus,0,rgbd,run_01_seed_42,42,220,Small Mesh,0,0.3788717489568719,0.9359514119536574,0.3889561264768938,0.018945965705050628,1667406,4012306,1560611,2451695,106795
deeplabv3plus,0,rgbd,run_01_seed_42,42,240,Thin Structures,1,0.2206221292204541,0.7713884759469585,0.23605654101188614,0.008033267,420425,1373870,324311,1049559,96114
deeplabv3plus,0,rgbd,run_01_seed_42,42,255,Ultra-thin,1,0.10714435619645464,0.6761746589021801,0.11293954056730317,0.009654298,237835,1423930,160818,1263112,77017
deeplabv3plus,0,rgbe,run_01_seed_42,42,0,Background,0,0.8817797944525367,0.9006124848842195,0.9768348348850892,0.024772533636984898,70387533,64895199,63391891,1503308,6995642
deeplabv3plus,0,rgbe,run_01_seed_42,42,80,Other,0,0.34753859269311044,0.8254476984997511,0.37510580437423685,0.004673929,443993,977039,366493,610546,77500
deeplabv3plus,0,rgbe,run_01_seed_42,42,100,Animals,0,0.000492854,0.000552283,0.004559271,4.99746052708117e-06,5432,658,3,655,5429
deeplabv3plus,0,rgbe,run_01_seed_42,42,140,Vehicles,0,0.5253734211553177,0.9042431967472657,0.5563248684102771,0.002738356,495829,805914,448350,357564,47479
deeplabv3plus,0,rgbe,run_01_seed_42,42,160,Buildings,0,0.844360123,0.9267814364957769,0.9047106842178706,0.015504090830147239,17964884,18403144,16649521,1753623,1315363
deeplabv3plus,0,rgbe,run_01_seed_42,42,180,Trees,0,0.8363426610489518,0.9082763111798419,0.9134959416781063,0.03700824,39431166,39205860,35814394,3391466,3616772
deeplabv3plus,0,rgbe,run_01_seed_42,42,200,Large Mesh,0,0.1321771539856289,0.4499628507744185,0.1576491790148178,0.000320989,17497,49940,7873,42067,9624
deeplabv3plus,0,rgbe,run_01_seed_42,42,220,Small Mesh,0,0.35215924794872855,0.8974119080775768,0.3669308801142516,0.019950342721217457,1667406,4078016,1496350,2581666,171056
deeplabv3plus,0,rgbe,run_01_seed_42,42,240,Thin Structures,1,0.1834152672139274,0.7119819230540525,0.19811478724509685,0.009273382,420425,1510917,299335,1211582,121090
deeplabv3plus,0,rgbe,run_01_seed_42,42,255,Ultra-thin,1,0.067656556,0.3685286017617256,0.076528425,0.008084005,237835,1145313,87649,1057664,150186
deeplabv3plus,0,rgbde,run_01_seed_42,42,0,Background,0,0.9008739474467952,0.9164764305633499,0.9814528227847623,0.020088517873939636,70387533,65727576,64508515,1219061,5879018
deeplabv3plus,0,rgbde,run_01_seed_42,42,80,Other,0,0.38234295687179753,0.8625000844607911,0.40716069676127004,0.004268449,443993,940523,382944,557579,61049
deeplabv3plus,0,rgbde,run_01_seed_42,42,100,Animals,0,0.020255606462503014,0.030927835051546393,0.055445544554455446,2.1836232104589782e-05,5432,3030,168,2862,5264
deeplabv3plus,0,rgbde,run_01_seed_42,42,140,Vehicles,0,0.576388693,0.9478691242343631,0.5952585109576324,0.002447307,495829,789541,469981,319560,25848
deeplabv3plus,0,rgbde,run_01_seed_42,42,160,Buildings,0,0.8790799455262789,0.9410134237437882,0.930346043,0.011190039,17964884,18170870,16905197,1265673,1059687
deeplabv3plus,0,rgbde,run_01_seed_42,42,180,Trees,0,0.8486678919228228,0.9108288352416462,0.925569317,0.031515951,39431166,38803191,35915043,2888148,3516123
deeplabv3plus,0,rgbde,run_01_seed_42,42,200,Large Mesh,0,0.1563797350605502,0.5188317997370978,0.18290618955512572,0.000309444,17497,49632,9078,40554,8419
deeplabv3plus,0,rgbde,run_01_seed_42,42,220,Small Mesh,0,0.3978140672586455,0.9360671606075545,0.4089247439445469,0.017434041,1667406,3816849,1560804,2256045,106602
deeplabv3plus,0,rgbde,run_01_seed_42,42,240,Thin Structures,1,0.22048581112514123,0.7891181542486769,0.23429069800288127,0.008298981,420425,1416040,331765,1084275,88660
deeplabv3plus,0,rgbde,run_01_seed_42,42,255,Ultra-thin,1,0.10780444948988004,0.6516282296550129,0.11439765919565853,0.009170143,237835,1354748,154980,1199768,82855
deeplabv3plus_pretrained,1,rgb,run_01_seed_42,42,0,Background,0,0.8878625666546796,0.9073884575554026,0.9763369039197408,0.025508406,70387533,65416799,63868835,1547964,6518698
deeplabv3plus_pretrained,1,rgb,run_01_seed_42,42,80,Other,0,0.38118130454999977,0.8345289227532866,0.4123468688235608,0.004042403,443993,898576,370525,528051,73468
deeplabv3plus_pretrained,1,rgb,run_01_seed_42,42,100,Animals,0,0.003700347,0.009020619,0.00623489,5.958804078855563e-05,5432,7859,49,7810,5383
deeplabv3plus_pretrained,1,rgb,run_01_seed_42,42,140,Vehicles,0,0.5476913891149322,0.9176066748818645,0.576018879,0.002564687,495829,789863,454976,334887,40853
deeplabv3plus_pretrained,1,rgb,run_01_seed_42,42,160,Buildings,0,0.8526132046021399,0.9248043572115467,0.9161242470264015,0.013448269691537356,17964884,18135098,16614003,1521095,1350881
deeplabv3plus_pretrained,1,rgb,run_01_seed_42,42,180,Trees,0,0.8412767776037862,0.9092885054426237,0.9183508205433228,0.034785279,39431166,39042058,35854306,3187752,3576860
deeplabv3plus_pretrained,1,rgb,run_01_seed_42,42,200,Large Mesh,0,0.13905848329048842,0.5935874721380808,0.15369134468828152,0.000436391,17497,67577,10386,57191,7111
deeplabv3plus_pretrained,1,rgb,run_01_seed_42,42,220,Small Mesh,0,0.3641588765054186,0.9137360666808204,0.3771242134215981,0.019445963409923453,1667406,4039966,1523569,2516397,143837
deeplabv3plus_pretrained,1,rgb,run_01_seed_42,42,240,Thin Structures,1,0.20399967243767786,0.7110305048462865,0.22244173586927404,0.007997952,420425,1343880,298935,1044945,121490
deeplabv3plus_pretrained,1,rgb,run_01_seed_42,42,255,Ultra-thin,1,0.070550158,0.43451552546933797,0.07768258,0.009378139,237835,1330324,103343,1226981,134492
deeplabv3plus_pretrained,1,rgbd,run_01_seed_42,42,0,Background,0,0.9017317235939517,0.9171032461103588,0.9817516770615047,0.019772325,70387533,65752508,64552635,1199873,5834898
deeplabv3plus_pretrained,1,rgbd,run_01_seed_42,42,80,Other,0,0.38519978629418916,0.8785183550191107,0.4068720206118894,0.004352926,443993,958670,390056,568614,53937
deeplabv3plus_pretrained,1,rgbd,run_01_seed_42,42,100,Animals,0,0.005247049,0.008836524,0.012752391073326248,2.8352005066616227e-05,5432,3764,48,3716,5384
deeplabv3plus_pretrained,1,rgbd,run_01_seed_42,42,140,Vehicles,0,0.5785796781624996,0.9507370484582386,0.596461238,0.002442482,495829,790333,471403,318930,24426
deeplabv3plus_pretrained,1,rgbd,run_01_seed_42,42,160,Buildings,0,0.8795921329280504,0.9425663422040466,0.9294049212793014,0.011371451,17964884,18219287,16933095,1286192,1031789
deeplabv3plus_pretrained,1,rgbd,run_01_seed_42,42,180,Trees,0,0.8503349261394766,0.9122641973103205,0.9260686710509054,0.031336937,39431166,38843384,35971641,2871743,3459525
deeplabv3plus_pretrained,1,rgbd,run_01_seed_42,42,200,Large Mesh,0,0.16524132165189068,0.5422072355260902,0.1920328724976216,0.000304576,17497,49403,9487,39916,8010
deeplabv3plus_pretrained,1,rgbd,run_01_seed_42,42,220,Small Mesh,0,0.40374570107848673,0.9355004120172291,0.415306548,0.016970518063678636,1667406,3755922,1559859,2196063,107547
deeplabv3plus_pretrained,1,rgbd,run_01_seed_42,42,240,Thin Structures,1,0.22724624761729287,0.7979425581257061,0.24112133008268455,0.008081319,420425,1391312,335475,1055837,84950
deeplabv3plus_pretrained,1,rgbd,run_01_seed_42,42,255,Ultra-thin,1,0.1138540851234987,0.6641158786553704,0.12081072832921708,0.008785679,237835,1307417,157950,1149467,79885
deeplabv3plus_pretrained,1,rgbe,run_01_seed_42,42,0,Background,0,0.8896048174046444,0.9082077645767185,0.9774932299196076,0.024255087,70387533,65398411,63926504,1471907,6461029
deeplabv3plus_pretrained,1,rgbe,run_01_seed_42,42,80,Other,0,0.38990415403663065,0.8227809897903796,0.4256509864419577,0.003773517,443993,858236,365309,492927,78684
deeplabv3plus_pretrained,1,rgbe,run_01_seed_42,42,100,Animals,0,0.001397003,0.002025037,0.004484305,1.863175359867514e-05,5432,2453,11,2442,5421
deeplabv3plus_pretrained,1,rgbe,run_01_seed_42,42,140,Vehicles,0,0.5539806988973957,0.9097511440436118,0.5861955592289079,0.002438615,495829,769506,451081,318425,44748
deeplabv3plus_pretrained,1,rgbe,run_01_seed_42,42,160,Buildings,0,0.8513284842134504,0.9303964890616605,0.9092362758317861,0.014751565233084008,17964884,18382972,16714465,1668507,1250419
deeplabv3plus_pretrained,1,rgbe,run_01_seed_42,42,180,Trees,0,0.8418707373721303,0.9100815583287596,0.9182498748413687,0.034862494,39431166,39080405,35885577,3194828,3545589
deeplabv3plus_pretrained,1,rgbe,run_01_seed_42,42,200,Large Mesh,0,0.13293605893741672,0.6043321712293536,0.1456092758093612,0.000473429,17497,72619,10574,62045,6923
deeplabv3plus_pretrained,1,rgbe,run_01_seed_42,42,220,Small Mesh,0,0.36959059265852556,0.9116807784066988,0.38331485440817553,0.018899151,1667406,3965779,1520142,2445637,147264
deeplabv3plus_pretrained,1,rgbe,run_01_seed_42,42,240,Thin Structures,1,0.20699751962494548,0.7225379080692157,0.22487245237876682,0.008014408,420425,1350868,303773,1047095,116652
deeplabv3plus_pretrained,1,rgbe,run_01_seed_42,42,255,Ultra-thin,1,0.076492286,0.42681270628797274,0.085249561,0.008325348,237835,1190751,101511,1089240,136324
deeplabv3plus_pretrained,1,rgbde,run_01_seed_42,42,0,Background,0,0.9021256285803255,0.9176785042317082,0.9815596226063865,0.019996863447774866,70387533,65806625,64593126,1213499,5794407
deeplabv3plus_pretrained,1,rgbde,run_01_seed_42,42,80,Other,0,0.3898434803932717,0.8879712067532596,0.4100092452871395,0.004343004,443993,961571,394253,567318,49740
deeplabv3plus_pretrained,1,rgbde,run_01_seed_42,42,100,Animals,0,0.002020656,0.003313697,0.005151689,2.652087449180786e-05,5432,3494,18,3476,5414
deeplabv3plus_pretrained,1,rgbde,run_01_seed_42,42,140,Vehicles,0,0.5650023013790342,0.9531491703793041,0.5811417504380706,0.002608638,495829,813225,472599,340626,23230
deeplabv3plus_pretrained,1,rgbde,run_01_seed_42,42,160,Buildings,0,0.8800776642774156,0.94422146,0.9283415241066395,0.011576256616780857,17964884,18272186,16962829,1309357,1002055
deeplabv3plus_pretrained,1,rgbde,run_01_seed_42,42,180,Trees,0,0.8514464265226639,0.913184206,0.9264382956419326,0.031199258,39431166,38867044,36007918,2859126,3423248
deeplabv3plus_pretrained,1,rgbde,run_01_seed_42,42,200,Large Mesh,0,0.17522572288468133,0.5257472709607361,0.20812217194570135,0.000267072,17497,44200,9199,35001,8298
deeplabv3plus_pretrained,1,rgbde,run_01_seed_42,42,220,Small Mesh,0,0.4207817518159266,0.9323068286907927,0.43404272428237933,0.015663964758469085,1667406,3581523,1554534,2026989,112872
deeplabv3plus_pretrained,1,rgbde,run_01_seed_42,42,240,Thin Structures,1,0.2317229052065525,0.7998644229053934,0.24598507629726565,0.007889717,420425,1367087,336283,1030804,84142
deeplabv3plus_pretrained,1,rgbde,run_01_seed_42,42,255,Ultra-thin,1,0.11333530901750717,0.6817835894632833,0.11966539856609928,0.009117596,237835,1355045,162152,1192893,75683
segformer,0,rgb,run_01_seed_42,42,0,Background,0,0.8794926684149736,0.8986534731938964,0.9763306576002233,0.025269678977323802,70387533,64787478,63254001,1533477,7133532
segformer,0,rgb,run_01_seed_42,42,80,Other,0,0.32680552055861983,0.8208372654523832,0.3519075345441905,0.005138132,443993,1035630,364446,671184,79547
segformer,0,rgb,run_01_seed_42,42,100,Animals,0,0.015736664,0.040132548,0.025234402129876144,6.42497940435886e-05,5432,8639,218,8421,5214
segformer,0,rgb,run_01_seed_42,42,140,Vehicles,0,0.4723690389257913,0.9210695622886116,0.49229689612128347,0.003606975,495829,927678,456693,470985,39136
segformer,0,rgb,run_01_seed_42,42,160,Buildings,0,0.8383917561852953,0.9259700758435179,0.8986249399361642,0.016591441,17964884,18511555,16634945,1876610,1329939
segformer,0,rgb,run_01_seed_42,42,180,Trees,0,0.8381627540580819,0.9083214277761911,0.9156219208379955,0.036016674,39431166,39116771,35816173,3300598,3614993
segformer,0,rgb,run_01_seed_42,42,200,Large Mesh,0,0.12415057098547864,0.5032862776475967,0.14148684908176545,0.000407716,17497,62239,8806,53433,8691
segformer,0,rgb,run_01_seed_42,42,220,Small Mesh,0,0.3346319953626061,0.9070754213430922,0.34651076317397417,0.022042293181647014,1667406,4364837,1512463,2852374,154943
segformer,0,rgb,run_01_seed_42,42,240,Thin Structures,1,0.17628742315017806,0.6529702087173693,0.19451124378081253,0.008701258,420425,1411358,274525,1136833,145900
segformer,0,rgb,run_01_seed_42,42,255,Ultra-thin,1,0.07053382,0.30019971829209324,0.084413258,0.005919073,237835,845815,71398,774417,166437
segformer,0,rgbd,run_01_seed_42,42,0,Background,0,0.8985675302803556,0.911859519,0.9840367023901236,0.017157636071846852,70387533,65224744,64183542,1041202,6203991
segformer,0,rgbd,run_01_seed_42,42,80,Other,0,0.38592626907741834,0.8875027308989105,0.4057764015450695,0.00441746,443993,971089,394045,577044,49948
segformer,0,rgbd,run_01_seed_42,42,100,Animals,0,0.016326531,0.030191458026509573,0.03433117,3.5195855589962496e-05,5432,4777,164,4613,5268
segformer,0,rgbd,run_01_seed_42,42,140,Vehicles,0,0.5653439971879781,0.947185421,0.5837455812820372,0.00256471,495829,804532,469642,334890,26187
segformer,0,rgbd,run_01_seed_42,42,160,Buildings,0,0.8766346683544898,0.9367254472670127,0.9318124067497601,0.010887387492047804,17964884,18059605,16828164,1231441,1136720
segformer,0,rgbd,run_01_seed_42,42,180,Trees,0,0.8484065597636671,0.9156025464730108,0.9203838259030428,0.03407924,39431166,39226326,36103276,3123050,3327890
segformer,0,rgbd,run_01_seed_42,42,200,Large Mesh,0,0.13581065029570263,0.6207921357947077,0.1480966404886562,0.000476763,17497,73344,10862,62482,6635
segformer,0,rgbd,run_01_seed_42,42,220,Small Mesh,0,0.39515198926168216,0.9318498314147844,0.4069113853175618,0.017500777445350973,1667406,3818453,1553772,2264681,113634
segformer,0,rgbd,run_01_seed_42,42,240,Thin Structures,1,0.2092392457118469,0.7742974371172028,0.22283006378913922,0.008690083,420425,1460907,325534,1135373,94891
segformer,0,rgbd,run_01_seed_42,42,255,Ultra-thin,1,0.10773512621490909,0.6812958563710135,0.11345287115527478,0.009677801,237835,1428223,162036,1266187,75799
segformer,0,rgbe,run_01_seed_42,42,0,Background,0,0.876438373,0.8927507091348122,0.9795777546308198,0.021588028,70387533,64148578,62838520,1310058,7549013
segformer,0,rgbe,run_01_seed_42,42,80,Other,0,0.32848243328575294,0.8365469725874056,0.3510111081079549,0.005257104,443993,1058146,371421,686725,72572
segformer,0,rgbe,run_01_seed_42,42,100,Animals,0,0.008969341,0.010125184,0.072847682,5.3407975098577385e-06,5432,755,55,700,5377
segformer,0,rgbe,run_01_seed_42,42,140,Vehicles,0,0.48542394791530674,0.9148678274163068,0.5083881842542647,0.003359334,495829,892267,453618,438649,42211
segformer,0,rgbe,run_01_seed_42,42,160,Buildings,0,0.8428421256845733,0.9269390773689382,0.9028185645315631,0.015847782733669914,17964884,18444850,16652353,1792497,1312531
segformer,0,rgbe,run_01_seed_42,42,180,Trees,0,0.8391586028146977,0.9138252721210425,0.9112707158819133,0.038285411,39431166,39541703,36033196,3508507,3397970
segformer,0,rgbe,run_01_seed_42,42,200,Large Mesh,0,0.11712173728513829,0.3785220323484026,0.14500591145947367,0.000297975,17497,45674,6623,39051,10874
segformer,0,rgbe,run_01_seed_42,42,220,Small Mesh,0,0.33146087930546736,0.9036731305992661,0.3436009933208522,0.022244187095861526,1667406,4385290,1506790,2878500,160616
segformer,0,rgbe,run_01_seed_42,42,240,Thin Structures,1,0.168849323,0.6682690134982459,0.1842965779218266,0.00951788,420425,1524483,280957,1243526,139468
segformer,0,rgbe,run_01_seed_42,42,255,Ultra-thin,1,0.067996628,0.33946223221981625,0.078365141,0.007257416,237835,1030254,80736,949518,157099
segformer,0,rgbde,run_01_seed_42,42,0,Background,0,0.8983813399872357,0.9149497113359549,0.9802414560073686,0.021391305949840508,70387533,65699173,64401053,1298120,5986480
segformer,0,rgbde,run_01_seed_42,42,80,Other,0,0.3661570503714881,0.8766647221915661,0.38604350853250446,0.004738869,443993,1008262,389233,619029,54760
segformer,0,rgbde,run_01_seed_42,42,100,Animals,0,0.025966035,0.038843888070692195,0.072633391,2.0554440702223927e-05,5432,2905,211,2694,5221
segformer,0,rgbde,run_01_seed_42,42,140,Vehicles,0,0.5439944772016897,0.9487847624886806,0.5604519975934762,0.002825554,495829,839385,470435,368950,25394
segformer,0,rgbde,run_01_seed_42,42,160,Buildings,0,0.8761584130610834,0.9350156672316949,0.9329704415609056,0.010669691197855314,17964884,18004266,16797448,1206818,1167436
segformer,0,rgbde,run_01_seed_42,42,180,Trees,0,0.8507898562141255,0.9097674413178651,0.9291984494463874,0.029827391,39431166,38606598,35873191,2733407,3557975
segformer,0,rgbde,run_01_seed_42,42,200,Large Mesh,0,0.1367279085478124,0.5899297022346688,0.15108756111127375,0.000442533,17497,68318,10322,57996,7175
segformer,0,rgbde,run_01_seed_42,42,220,Small Mesh,0,0.38080638150724155,0.9368486139548496,0.39083903038527784,0.018814610244826394,1667406,3996804,1562107,2434697,105299
segformer,0,rgbde,run_01_seed_42,42,240,Thin Structures,1,0.2136054070548271,0.7675756674793364,0.2283769151834684,0.008345418,420425,1413050,322708,1090342,97717
segformer,0,rgbde,run_01_seed_42,42,255,Ultra-thin,1,0.10375862376443624,0.6604957218239536,0.10960419022926393,0.009753951,237835,1433239,157089,1276150,80746
segformer_pretrained,1,rgb,run_01_seed_42,42,0,Background,0,0.8833178433291824,0.9002610732215889,0.9791380614798358,0.022248329,70387533,64717284,63367156,1350128,7020377
segformer_pretrained,1,rgb,run_01_seed_42,42,80,Other,0,0.35163571911501584,0.8480921996517963,0.37527182633411665,0.004798749,443993,1003398,376547,626851,67446
segformer_pretrained,1,rgb,run_01_seed_42,42,100,Animals,0,0.021718053131665697,0.041237113402061855,0.043869956913435176,3.7248247775893546e-05,5432,5106,224,4882,5208
segformer_pretrained,1,rgb,run_01_seed_42,42,140,Vehicles,0,0.5220457408685708,0.9243206831387434,0.5453557803750217,0.002926055,495829,840378,458305,382073,37524
segformer_pretrained,1,rgb,run_01_seed_42,42,160,Buildings,0,0.8513236436806906,0.9284574283919673,0.9110902572903858,0.014390783334976023,17964884,18307330,16679630,1627700,1285254
segformer_pretrained,1,rgb,run_01_seed_42,42,180,Trees,0,0.841088881,0.9140566119703384,0.9133163681284744,0.037328414,39431166,39463125,36042318,3420807,3388848
segformer_pretrained,1,rgb,run_01_seed_42,42,200,Large Mesh,0,0.15580200162293753,0.5267188660913299,0.18116412101197146,0.000317845,17497,50871,9216,41655,8281
segformer_pretrained,1,rgb,run_01_seed_42,42,220,Small Mesh,0,0.35501433602138605,0.9111512133217705,0.367745081,0.020184940265721943,1667406,4131283,1519259,2612024,148147
segformer_pretrained,1,rgb,run_01_seed_42,42,240,Thin Structures,1,0.179119142,0.7189344116073021,0.19260664932562374,0.009697885,420425,1569302,302258,1267044,118167
segformer_pretrained,1,rgb,run_01_seed_42,42,255,Ultra-thin,1,0.076282303,0.36408854878382074,0.088007903,0.00685853,237835,983923,86593,897330,151242
segformer_pretrained,1,rgbd,run_01_seed_42,42,0,Background,0,0.8979080423768883,0.9122392029281663,0.9828047686572755,0.018512612131865638,70387533,65333695,64210267,1123428,6177266
segformer_pretrained,1,rgbd,run_01_seed_42,42,80,Other,0,0.36924716052975204,0.9031245988112425,0.384475468,0.004914329,443993,1042930,400981,641949,43012
segformer_pretrained,1,rgbd,run_01_seed_42,42,100,Animals,0,0.015256588072122053,0.026325478645066274,0.035014691,3.006868998049907e-05,5432,4084,143,3941,5289
segformer_pretrained,1,rgbd,run_01_seed_42,42,140,Vehicles,0,0.5458780332166723,0.9540890105258063,0.560603852,0.002839599,495829,843849,473065,370784,22764
segformer_pretrained,1,rgbd,run_01_seed_42,42,160,Buildings,0,0.8763108931228505,0.9427255416734113,0.9255887718831879,0.012037606899993808,17964884,18297494,16935955,1361539,1028929
segformer_pretrained,1,rgbd,run_01_seed_42,42,180,Trees,0,0.8502774351485594,0.91256675,0.9256889595020401,0.031521254,39431166,38872205,35983571,2888634,3447595
segformer_pretrained,1,rgbd,run_01_seed_42,42,200,Large Mesh,0,0.15746194200379776,0.5592387266388523,0.17977218445710086,0.00034066,17497,54430,9785,44645,7712
segformer_pretrained,1,rgbd,run_01_seed_42,42,220,Small Mesh,0,0.39167378965741745,0.940964588,0.40154098457991716,0.018070471284813892,1667406,3907372,1568970,2338402,98436
segformer_pretrained,1,rgbd,run_01_seed_42,42,240,Thin Structures,1,0.2305464702347886,0.773914491,0.2471950830383055,0.007584195,420425,1316260,325373,990887,95052
segformer_pretrained,1,rgbd,run_01_seed_42,42,255,Ultra-thin,1,0.11091015046494952,0.6873883154287637,0.11680161408206584,0.009448572,237835,1399681,163485,1236196,74350
segformer_pretrained,1,rgbe,run_01_seed_42,42,0,Background,0,0.8826604792888593,0.9008908722514823,0.9775877270768527,0.023956344545301846,70387533,64865264,63411486,1453778,6976047
segformer_pretrained,1,rgbe,run_01_seed_42,42,80,Other,0,0.3491281550345819,0.8404118983857853,0.3739177402416245,0.004782856,443993,997912,373137,624775,70856
segformer_pretrained,1,rgbe,run_01_seed_42,42,100,Animals,0,0.005969141,0.009756996,0.015142857142857144,2.629961288068518e-05,5432,3500,53,3447,5379
segformer_pretrained,1,rgbe,run_01_seed_42,42,140,Vehicles,0,0.5086120182055797,0.9269768408060037,0.5298407326115425,0.003123464,495829,867472,459622,407850,36207
segformer_pretrained,1,rgbe,run_01_seed_42,42,160,Buildings,0,0.8490723819308928,0.9252590776539387,0.9115957097860723,0.014251773513525003,17964884,18234149,16622172,1611977,1342712
segformer_pretrained,1,rgbe,run_01_seed_42,42,180,Trees,0,0.8392540071118166,0.9092931210809236,0.9159362850754258,0.035908545,39431166,39145177,35854488,3290689,3576678
segformer_pretrained,1,rgbe,run_01_seed_42,42,200,Large Mesh,0,0.1342066553157974,0.6622278104817969,0.14406853419871435,0.000525278,17497,80427,11587,68840,5910
segformer_pretrained,1,rgbe,run_01_seed_42,42,220,Small Mesh,0,0.34412631771422014,0.9210210350688435,0.3545900425817636,0.021600825,1667406,4330962,1535716,2795246,131690
segformer_pretrained,1,rgbe,run_01_seed_42,42,240,Thin Structures,1,0.185624477,0.6749194267705299,0.20385023218924572,0.008482217,420425,1391968,283753,1108215,136672
segformer_pretrained,1,rgbe,run_01_seed_42,42,255,Ultra-thin,1,0.0775868,0.42170832720163137,0.086824525,0.008062665,237835,1155169,100297,1054872,137538
segformer_pretrained,1,rgbde,run_01_seed_42,42,0,Background,0,0.8984361499647244,0.9108983262703638,0.985000621,0.016088845272382468,70387533,65092229,64115886,976343,6271647
segformer_pretrained,1,rgbde,run_01_seed_42,42,80,Other,0,0.39382039297902693,0.9003159959729095,0.41177555248120795,0.004371367,443993,970757,399734,571023,44259
segformer_pretrained,1,rgbde,run_01_seed_42,42,100,Animals,0,0.022377751174141265,0.044734904270986746,0.042857143,4.1406440122854214e-05,5432,5670,243,5427,5189
segformer_pretrained,1,rgbde,run_01_seed_42,42,140,Vehicles,0,0.5904574158173042,0.9508237719052335,0.6090569323527018,0.002317521,495829,774059,471446,302613,24383
segformer_pretrained,1,rgbde,run_01_seed_42,42,160,Buildings,0,0.880820317,0.9414016811909278,0.9319147639486445,0.010924113740111631,17964884,18147767,16912172,1235595,1052712
segformer_pretrained,1,rgbde,run_01_seed_42,42,180,Trees,0,0.853341074,0.9205999132767213,0.9211358756267696,0.033913866,39431166,39408223,36300328,3107895,3130838
segformer_pretrained,1,rgbde,run_01_seed_42,42,200,Large Mesh,0,0.15945532586708766,0.5541521403669201,0.18292268799758518,0.000330473,17497,53006,9696,43310,7801
segformer_pretrained,1,rgbde,run_01_seed_42,42,220,Small Mesh,0,0.3942739066666399,0.9428243631125233,0.40393188864830504,0.017927106977361253,1667406,3891921,1572071,2319850,95335
segformer_pretrained,1,rgbde,run_01_seed_42,42,240,Thin Structures,1,0.21946461946342521,0.7867824225486115,0.23334262143010825,0.008318323,420425,1417585,330783,1086802,89642
segformer_pretrained,1,rgbde,run_01_seed_42,42,255,Ultra-thin,1,0.11331112392361765,0.662711544,0.12024568521257904,0.008813959,237835,1310783,157616,1153167,80219